Annee_Diplome,Salaire_Moyen
2003,58
2004,42
2005,65.8333333333333
2006,58.3333333333333
2007,45
2008,42.75
2009,47.4
2010,38.75
2011,40.8
2012,36
2013,34.7142857142857
