Annee_Diplome,Salaire_Moyen
2014,34.2
2013,40.3
2012,37.0666666666667
2011,44.6666666666667
2010,42.5555555555556
2009,49.4615384615385
2008,45
2007,57.6
2006,54.75
2005,68.3125
2004,57
2003,62.6666666666667
